id;title;address_line_1;address_line_2;pincode;city;state;gst;landmark;address_status;created_time;updated_time;created_by;updated_by
1;mindshare Interactions Versatile;Frozen Rubber line;navigating Sports;66365;New Zachary;Dakota Customer;Corporate Mandatory;Health didactic;false;2022-06-12T08:42:58;2022-06-12T14:24:49;Chair;Tasty Car Table
2;index Berkshire;China generating solution;capacitor;30331;Lake Chadrickberg;Timor-Leste;Skyway Account;Toys contextually-based Sausages;false;2022-06-12T10:19:29;2022-06-13T00:25:11;Soap Account;Shoes
3;HTTP grow USB;Dinar;quantifying;27304;Swiftmouth;National;Taka JBOD state;blue invoice;true;2022-06-12T08:57:08;2022-06-12T22:14:02;Borders Greece;Identity calculate bus
4;calculate;boliviano;time-frame;38864;Port Jameyfurt;benchmark;Account;Personal calculating;false;2022-06-13T07:47:51;2022-06-12T14:29:55;Gloves navigating;compelling generating
5;Soft;systematic Avon analyzer;regional Regional withdrawal;93670;East Mariannahaven;USB implement;CSS compress;copying;false;2022-06-13T06:15:03;2022-06-12T21:48:14;Factors;visionary Soft olive
6;Anguilla;Soft Beauty;Awesome mint;47092;Gaylordfort;Norwegian;override Incredible;white;false;2022-06-12T21:44:32;2022-06-12T15:47:01;Sausages;Specialist Granite
7;Jewelery;up Kids;Industrial USB;25631;Toyton;Licensed;payment wireless;integrated Concrete bypassing;true;2022-06-12T14:32:14;2022-06-13T03:35:12;Toys blue;Landing Tunnel District
8;Kwacha;Bulgaria withdrawal;District;73733;Phylliston;olive SMTP primary;International;Sleek Springs Health;false;2022-06-12T17:07:33;2022-06-12T18:42:17;compress Bosnia;blue
9;Savings;indigo compressing JSON;leverage index;57414;Schulistton;Awesome digital core;compressing solution;Integrated withdrawal copy;false;2022-06-12T09:39:43;2022-06-12T21:31:01;state Nuevo Baby;backing
10;harness calculate sensor;neural;Bedfordshire;52586;Lueilwitzmouth;customized bluetooth;flexibility;Avon;false;2022-06-13T01:40:13;2022-06-12T12:15:48;California;Gold
