id;user_id;reviewer;rating;comment;created_time;updated_time;created_by;updated_by
1;32864;Fresh Rustic bifurcated;60390;Fork;2022-06-12T20:28:13;2022-06-12T16:21:20;compressing;Internal
2;50264;Planner matrix Berkshire;37027;Baby;2022-06-13T06:11:40;2022-06-13T03:05:30;Account;Technician
3;26411;quantifying Cheese;10979;Keyboard;2022-06-12T22:41:10;2022-06-12T19:25:20;B2C Market open-source;Health initiatives
4;49728;Small synthesize;40444;transmitting Up-sized cross-platform;2022-06-12T13:07:54;2022-06-13T02:55:10;Berkshire;application Inverse
5;23930;Director;89381;integrated;2022-06-12T10:41:50;2022-06-12T17:26:08;Dynamic;withdrawal
6;10846;Public-key Ports;42657;Steel Jewelery;2022-06-12T14:30:05;2022-06-12T14:38:42;generation Soft Clothing;Berkshire Applications
7;36984;calculating;80413;firewall Developer;2022-06-12T14:58:40;2022-06-12T11:44:52;improvement Innovative Market;Connecticut
8;16475;Israeli Buckinghamshire Borders;41654;system-worthy;2022-06-12T20:19:42;2022-06-13T02:06:13;payment e-tailers;Buckinghamshire
9;62906;Som Dynamic;75898;Designer proactive;2022-06-12T19:44:57;2022-06-12T10:55:44;Games connect hack;Dollar Delaware
10;15628;architect AGP;91812;Rupee Analyst Intranet;2022-06-13T06:10:02;2022-06-13T06:20:04;schemas Checking generate;Associate
