id;agent_id;email;password;created_time;updated_time;created_by;updated_by
1;synthesizing Books;Georgiana_Koch94@hotmail.com;alarm Optimized;2022-06-12T17:35:46;2022-06-12T09:46:55;synergies dynamic;parse
2;application Credit;Adelbert.Turner22@hotmail.com;brand Investment generating;2022-06-13T06:33:32;2022-06-13T03:27:20;Specialist Franc ADP;action-items Future e-commerce
3;Wooden TCP;Ryan.OConnell@yahoo.com;Associate Computers;2022-06-12T21:34:52;2022-06-12T12:14:53;Future Consultant;portals bandwidth Bedfordshire
4;green orchestration;Hassan_Glover@yahoo.com;Associate Brand;2022-06-12T09:00:06;2022-06-12T22:37:31;Savings Montana;Cambridgeshire Rubber
5;unleash payment state;Melany99@yahoo.com;generate Peso;2022-06-12T21:37:56;2022-06-12T12:40:46;engage;Bedfordshire turquoise
6;system Guyana AGP;Verna18@hotmail.com;Research payment;2022-06-12T12:42:42;2022-06-12T20:17:46;e-enable;Fresh productize Islands
7;blue e-markets;Lysanne.Cassin@yahoo.com;primary deliver Loan;2022-06-12T19:50:17;2022-06-13T02:08:05;Rupee;Avon Cotton
8;Movies Christmas;Joy.Miller@yahoo.com;Nebraska 24/7 reboot;2022-06-12T08:22:45;2022-06-12T09:15:00;Markets transmitter;Hryvnia
9;Operations Checking;Judah.Medhurst@hotmail.com;Administrator Car;2022-06-12T11:39:35;2022-06-12T08:32:47;Peso Applications;Via static
10;TCP;Noel13@gmail.com;invoice Armenia;2022-06-12T19:02:24;2022-06-12T22:51:44;calculating online;Loan Prairie
