id;wish_list_name;created_time;updated_time;created_by;updated_by
1;Corporate;2022-06-12T09:19:06;2022-06-12T23:02:58;Rubber plug-and-play Fish;online quantify synthesize
2;Pre-emptive executive;2022-06-12T17:58:20;2022-06-13T04:10:45;Fish User-centric Shoes;SDD
3;Refined Kids matrix;2022-06-12T09:16:29;2022-06-12T22:21:16;functionalities;Manat Madagascar
4;bus;2022-06-12T17:41:40;2022-06-13T07:17:19;Wooden;Dollar Senior Garden
5;Personal;2022-06-12T22:51:23;2022-06-13T06:07:01;Wooden;override
6;customized;2022-06-12T18:16:34;2022-06-13T00:51:36;optimize virtual payment;Unbranded
7;Handcrafted content;2022-06-12T20:16:02;2022-06-13T07:21:09;Handcrafted Belarus panel;Shirt Handmade Centralized
8;service-desk;2022-06-13T04:35:10;2022-06-12T14:14:28;invoice;Mongolia Grenada Sausages
9;copy;2022-06-12T20:43:42;2022-06-12T14:02:24;Card withdrawal quantify;Orchestrator
10;Concrete;2022-06-12T18:29:59;2022-06-13T08:07:33;Decentralized navigate integrated;Fresh
